{"stats":{"minecraft:broken":{"minecraft:golden_axe":1,"minecraft:stone_axe":2},"minecraft:used":{"minecraft:stone_sword":97,"minecraft:stone_pickaxe":27,"minecraft:oak_planks":395,"minecraft:chest":2,"minecraft:wooden_pickaxe":14,"minecraft:rotten_flesh":2,"minecraft:oak_door":1,"minecraft:torch":8,"minecraft:dirt":24,"minecraft:crafting_table":3,"minecraft:white_bed":1,"minecraft:golden_shovel":23,"minecraft:glass":18,"minecraft:oak_log":58,"minecraft:oak_stairs":116,"minecraft:bread":17,"minecraft:stone_axe":287,"minecraft:cobblestone":1,"minecraft:furnace":1,"minecraft:yellow_bed":2,"minecraft:golden_axe":31},"minecraft:mined":{"minecraft:white_bed":1,"mekanism:osmium_ore":6,"minecraft:mossy_cobblestone":1,"minecraft:note_block":2,"minecraft:grass_block":4,"minecraft:chest":1,"vampirism:vampire_orchid":3,"minecraft:tall_grass":41,"minecraft:cobblestone":13,"minecraft:oak_planks":50,"biomesoplenty:goldenrod":1,"minecraft:pink_petals":25,"minecraft:hay_block":11,"minecraft:birch_log":20,"vampirism:dark_spruce_leaves":1,"minecraft:fire":2,"minecraft:lilac":1,"minecraft:birch_leaves":1,"vampirism:cursed_roots":1,"minecraft:orange_tulip":22,"minecraft:yellow_bed":2,"minecraft:wither_rose":2,"minecraft:grass":135,"minecraft:oak_log":198,"minecraft:oak_stairs":9,"minecraft:sunflower":4,"minecraft:sand":29,"minecraft:dirt":2,"minecraft:pink_tulip":10,"minecraft:stone":18,"minecraft:white_tulip":16,"minecraft:stone_bricks":1,"minecraft:oak_leaves":40},"minecraft:dropped":{"minecraft:note_block":2,"minecraft:stone_axe":1,"minecraft:wheat_seeds":1,"minecraft:mossy_cobblestone":1,"vampirism:vampire_orchid":1,"biomesoplenty:goldenrod":1,"minecraft:oak_stairs":1,"minecraft:stone_bricks":1,"minecraft:pink_petals":72},"minecraft:killed":{"vampirism:vampire":4,"vampirism:hunter":4,"minecraft:sheep":2,"minecraft:zombie":3,"vampirism:advanced_hunter":1,"minecraft:cow":1},"minecraft:custom":{"minecraft:interact_with_furnace":10,"minecraft:mob_kills":15,"minecraft:interact_with_crafting_table":11,"minecraft:damage_dealt_resisted":293,"minecraft:leave_game":4,"minecraft:time_since_death":3274,"minecraft:climb_one_cm":2744,"minecraft:time_since_rest":3317,"minecraft:sprint_one_cm":249434,"minecraft:damage_taken":1737,"minecraft:walk_one_cm":231240,"minecraft:drop":81,"minecraft:damage_dealt":4916,"minecraft:play_noteblock":6,"minecraft:player_kills":3,"minecraft:swim_one_cm":6066,"minecraft:fly_one_cm":233563,"minecraft:open_chest":10,"minecraft:crouch_one_cm":5340,"minecraft:play_time":70497,"minecraft:deaths":4,"minecraft:sneak_time":1625,"minecraft:walk_under_water_one_cm":777,"minecraft:jump":1166,"minecraft:walk_on_water_one_cm":2382,"minecraft:total_world_time":70497,"minecraft:fall_one_cm":33543},"minecraft:crafted":{"minecraft:oak_planks":548,"minecraft:crafting_table":3,"minecraft:wooden_pickaxe":1,"minecraft:furnace":1,"minecraft:stone_axe":3,"minecraft:bread":33,"minecraft:air":0,"minecraft:glass":21,"minecraft:charcoal":5,"minecraft:stick":8,"minecraft:stone_pickaxe":1,"minecraft:oak_stairs":108,"minecraft:stone_sword":1,"minecraft:chest":1,"minecraft:torch":8,"minecraft:wheat":99},"minecraft:picked_up":{"minecraft:birch_log":20,"minecraft:pink_petals":72,"minecraft:lilac":1,"biomesoplenty:goldenrod":1,"minecraft:oak_stairs":9,"minecraft:wither_rose":2,"minecraft:oak_log":195,"minecraft:yellow_bed":2,"minecraft:dirt":24,"vampirism:human_heart":2,"minecraft:apple":8,"minecraft:stone_bricks":1,"minecraft:orange_tulip":21,"minecraft:wheat_seeds":23,"minecraft:beef":3,"minecraft:white_tulip":16,"vampirism:holy_water_bottle_ultimate":1,"minecraft:chest":1,"minecraft:birch_sapling":3,"minecraft:oak_planks":48,"minecraft:stick":23,"minecraft:oak_door":1,"minecraft:note_block":2,"minecraft:fire_charge":1,"minecraft:sand":29,"vampirism:vampire_fang":1,"minecraft:white_bed":1,"mekanism:raw_osmium":6,"minecraft:mossy_cobblestone":1,"minecraft:rotten_flesh":3,"minecraft:stone_axe":1,"minecraft:hay_block":11,"minecraft:pink_tulip":10,"vampirism:vampire_orchid":1,"minecraft:oak_sapling":23,"minecraft:mutton":3,"minecraft:white_wool":2,"minecraft:cobblestone":30,"minecraft:sunflower":3},"minecraft:killed_by":{"minecraft:player":2,"iceandfire:fire_dragon":2}},"DataVersion":3465}