{"stats":{"minecraft:crafted":{"minecraft:cherry_planks":4,"minecraft:oak_planks":28,"minecraft:crafting_table":1,"minecraft:stick":8,"minecraft:wooden_pickaxe":1,"minecraft:stone_pickaxe":1,"minecraft:stone_sword":1,"minecraft:furnace":1,"minecraft:stone_axe":1,"minecraft:wheat":9},"minecraft:killed":{"minecraft:sheep":4,"minecraft:pig":2},"minecraft:picked_up":{"minecraft:crafting_table":1,"minecraft:pink_petals":71,"minecraft:stick":2,"minecraft:raw_iron":11,"minecraft:porkchop":4,"minecraft:oak_log":7,"minecraft:cherry_log":1,"minecraft:yellow_bed":1,"mekanism:raw_osmium":1,"minecraft:dirt":2,"minecraft:wheat_seeds":2,"minecraft:hay_block":1,"minecraft:oak_sapling":1,"minecraft:mutton":7,"minecraft:coal":24,"minecraft:cobblestone":58,"minecraft:white_wool":4},"minecraft:custom":{"minecraft:sprint_one_cm":31407,"minecraft:damage_taken":510,"minecraft:walk_one_cm":51457,"minecraft:mob_kills":6,"minecraft:damage_dealt":622,"minecraft:swim_one_cm":2865,"minecraft:interact_with_crafting_table":3,"minecraft:fly_one_cm":35463,"minecraft:open_chest":1,"minecraft:play_time":23908,"minecraft:deaths":1,"minecraft:walk_under_water_one_cm":244,"minecraft:jump":283,"minecraft:leave_game":15,"minecraft:time_since_death":16009,"minecraft:walk_on_water_one_cm":779,"minecraft:total_world_time":23908,"minecraft:fall_one_cm":9294,"minecraft:time_since_rest":16115},"minecraft:used":{"minecraft:stone_sword":2,"minecraft:stone_pickaxe":52,"minecraft:oak_planks":4,"minecraft:wooden_pickaxe":43,"minecraft:pink_petals":7,"minecraft:stone_axe":23,"minecraft:mutton":5,"minecraft:crafting_table":1},"minecraft:mined":{"minecraft:pink_petals":2,"minecraft:hay_block":1,"minecraft:tall_seagrass":1,"mekanism:osmium_ore":1,"minecraft:iron_ore":11,"minecraft:cherry_log":1,"minecraft:yellow_bed":1,"minecraft:crafting_table":1,"minecraft:grass":6,"biomesoplenty:bush":1,"biomesoplenty:clover":1,"minecraft:grass_block":1,"minecraft:oak_log":7,"minecraft:coal_ore":24,"minecraft:dirt":1,"minecraft:stone":59,"minecraft:oak_leaves":14},"minecraft:killed_by":{"minecraft:zombie":1}},"DataVersion":3465}