{"stats":{"minecraft:crafted":{"minecraft:glass_bottle":3,"minecraft:oak_planks":224,"minecraft:wooden_shovel":1,"vampirism:injection_garlic":1,"minecraft:crafting_table":4,"minecraft:wooden_pickaxe":1,"vampirism:med_chair":1,"minecraft:furnace":1,"minecraft:bucket":1,"minecraft:stone_axe":1,"minecraft:bread":21,"minecraft:air":0,"minecraft:glass_pane":16,"minecraft:flint_and_steel":1,"vampirism:injection_empty":1,"minecraft:oak_boat":1,"minecraft:glass":11,"minecraft:stick":12,"minecraft:chest":1,"vampirism:stake":2,"minecraft:wheat":63},"minecraft:dropped":{"minecraft:wheat_seeds":13,"vampirism:stake":1,"minecraft:light_gray_wool":1,"minecraft:poppy":2,"minecraft:dirt":2,"minecraft:cornflower":1,"minecraft:mutton":2,"minecraft:arrow":2},"minecraft:killed":{"minecraft:cave_spider":1,"minecraft:iron_golem":1,"minecraft:sheep":1,"minecraft:skeleton":2,"minecraft:zombie":4},"minecraft:picked_up":{"iceandfire:dragon_skull_lightning":1,"minecraft:pink_petals":22,"minecraft:crafting_table":1,"minecraft:wheat":4,"vampirism:item_tent":2,"minecraft:potato":10,"minecraft:flint":2,"minecraft:oak_log":56,"minecraft:cornflower":2,"minecraft:dirt":33,"minecraft:wheat_seeds":50,"minecraft:iron_ingot":3,"minecraft:oak_boat":2,"minecraft:poppy":4,"minecraft:light_gray_wool":1,"minecraft:oak_planks":16,"minecraft:egg":3,"iceandfire:dragonbone":16,"minecraft:torch":1,"minecraft:gravel":21,"vampirism:crucifix_normal":1,"minecraft:sand":11,"minecraft:carrot":13,"biomesoplenty:bramble":4,"minecraft:arrow":2,"minecraft:rotten_flesh":2,"minecraft:beetroot_seeds":2,"minecraft:hay_block":7,"minecraft:oak_sapling":1,"minecraft:mutton":2,"minecraft:coal":3,"minecraft:white_wool":1,"minecraft:cobblestone":14},"minecraft:broken":{"minecraft:stone_axe":1},"minecraft:custom":{"minecraft:interact_with_furnace":10,"minecraft:mob_kills":10,"minecraft:interact_with_crafting_table":20,"vampirism:interact_with_research_table":3,"minecraft:open_barrel":6,"vampirism:interact_with_garlic_diffuser":2,"minecraft:leave_game":8,"minecraft:time_since_death":702,"minecraft:climb_one_cm":4375,"minecraft:time_since_rest":722,"minecraft:sprint_one_cm":312681,"minecraft:damage_taken":2854,"minecraft:walk_one_cm":205256,"minecraft:trigger_trapped_chest":1,"minecraft:drop":24,"vampirism:interact_with_totem":4,"minecraft:damage_dealt":3717,"vampirism:skills_unlocked":3,"minecraft:swim_one_cm":7848,"minecraft:talked_to_villager":2,"minecraft:fly_one_cm":426991,"minecraft:player_kills":2,"minecraft:open_chest":27,"minecraft:play_time":97293,"minecraft:crouch_one_cm":1085,"minecraft:sneak_time":636,"minecraft:deaths":7,"minecraft:walk_under_water_one_cm":2579,"minecraft:boat_one_cm":18045,"minecraft:interact_with_lectern":1,"minecraft:jump":2516,"minecraft:walk_on_water_one_cm":12771,"minecraft:total_world_time":97293,"minecraft:interact_with_smoker":1,"vampirism:interact_with_injection_chair":5,"minecraft:fall_one_cm":68032,"minecraft:horse_one_cm":25},"minecraft:mined":{"vampirism:tent_main":1,"minecraft:crafting_table":1,"biomesoplenty:bramble":5,"minecraft:grass_block":4,"biomesoplenty:sprout":5,"minecraft:tall_grass":21,"minecraft:cobblestone":11,"minecraft:oak_planks":15,"minecraft:pink_petals":7,"minecraft:hay_block":7,"minecraft:seagrass":2,"minecraft:carrots":13,"minecraft:wheat":29,"minecraft:fire":1,"vampirism:tent":1,"minecraft:grass":49,"minecraft:oak_log":56,"minecraft:potatoes":10,"minecraft:coal_ore":3,"minecraft:beetroots":2,"minecraft:vine":1,"minecraft:gravel":23,"minecraft:sand":11,"minecraft:dirt":5,"biomesoplenty:barley":2,"biomesoplenty:spider_egg":1,"minecraft:stone":3,"minecraft:white_wool":1,"minecraft:oak_leaves":4},"minecraft:used":{"minecraft:water_bucket":60,"vampirism:hunter_axe_normal":15,"minecraft:flint_and_steel":1,"minecraft:poppy":2,"minecraft:oak_planks":55,"minecraft:chest":1,"minecraft:wooden_pickaxe":18,"vampirism:item_alchemical_fire":1,"minecraft:wooden_shovel":9,"minecraft:rotten_flesh":2,"minecraft:torch":1,"minecraft:dirt":31,"minecraft:crafting_table":5,"vampirism:stake":16,"vampirism:item_tent":2,"minecraft:apple":4,"minecraft:cornflower":1,"minecraft:lava_bucket":17,"minecraft:bread":17,"minecraft:gravel":20,"vampirism:garlic_bread":2,"minecraft:stone_axe":98,"minecraft:pink_petals":22,"minecraft:oak_sapling":1,"minecraft:furnace":1,"minecraft:bucket":78,"vampirism:med_chair":1,"minecraft:oak_boat":3,"minecraft:egg":3,"minecraft:potato":8},"minecraft:killed_by":{"minecraft:player":3,"minecraft:zombie":1}},"DataVersion":3465}